{"cameraMode":{"drawMode":0,"name":"Shaded","section":"Shading Mode"},"sceneLighting":true,"audioPlay":false,"sceneViewState":{"showFog":false,"showMaterialUpdate":false,"showSkybox":false,"showFlares":false,"showImageEffects":false,"showParticleSystems":false},"in2DMode":false,"pivot":{"x":-3.4082553386688234,"y":1.2897453308105469,"z":-0.0673828125},"rotation":{"x":0.0030000191181898119,"y":-7.825470049738215e-8,"z":1.0846198605918289e-8,"w":-0.9999955296516419},"size":3.439875364303589,"orthographic":true}