{"cameraMode":{"drawMode":0,"name":"Shaded","section":"Shading Mode"},"sceneLighting":true,"audioPlay":false,"sceneViewState":{"showFog":false,"showMaterialUpdate":false,"showSkybox":false,"showFlares":false,"showImageEffects":false,"showParticleSystems":false},"in2DMode":false,"pivot":{"x":1.2481281757354737,"y":0.8948211669921875,"z":0.0},"rotation":{"x":0.0030000191181898119,"y":-7.825470049738215e-8,"z":1.0846198605918289e-8,"w":-0.9999955296516419},"size":17.84543228149414,"orthographic":true}